{
  "model_id": "unsloth/Llama-3.2-1B-Instruct",
  "dataset": {
    "name": "wikitext",
    "config": "wikitext-2-raw-v1",
    "split": "test"
  },
  "eval_tokens": 8192,
  "quantized_config": {
    "skip_module_names": [],
    "use_autotuned": false,
    "kernel_name": "rowwise_int4",
    "block_m": 256,
    "block_n": 64,
    "block_k": 32
  },
  "baseline": {
    "quantization": null,
    "perplexity": {
      "tokens": 8192,
      "sequence_length": 512,
      "eval_time_s": 0.9808734618127346,
      "eval_tokens_per_second": 8351.739871583957,
      "mean_nll": 3.0204206705093384,
      "perplexity": 20.499913579664163
    },
    "generation": {
      "prompt_tokens": 15,
      "generated_tokens": 32,
      "generation_time_s": 0.6953453281894326,
      "generation_tokens_per_second": 46.02029912723057
    }
  },
  "quantized": {
    "quantization": {
      "linear_before": 113,
      "linear_after": 0,
      "quantized_linear_after": 113,
      "kernel_name": "rowwise_int4",
      "quantization_time_s": 0.6588046997785568,
      "linear_weight_mib_before": 2357.0,
      "linear_weight_mib_after": 590.21337890625,
      "linear_weight_compression": 3.9934709788650653
    },
    "perplexity": {
      "tokens": 8192,
      "sequence_length": 512,
      "eval_time_s": 1.6310588233172894,
      "eval_tokens_per_second": 5022.504328408524,
      "mean_nll": 3.994436502456665,
      "perplexity": 54.29523676948992
    },
    "generation": {
      "prompt_tokens": 15,
      "generated_tokens": 32,
      "generation_time_s": 1.0467545446008444,
      "generation_tokens_per_second": 30.570681699024732
    }
  },
  "comparison": {
    "perplexity_delta": 33.79532318982575,
    "perplexity_ratio": 2.6485593004328853,
    "eval_speed_ratio": 0.6013722177216202,
    "generation_speed_ratio": 0.6642868968432197
  }
}